activo;fecha;lugar;cantidad;precio al momento de adquisicion;valor;identificador
ETH;2024-01-04T00:23:30+00:00;kraken;0.0000350553;2044.23023728;0.07166110423692158;STS6AES-NZZDS-ZY3ZT5
ETH;2024-01-07T06:22:45+00:00;kraken;7.2962e-6;2059.66;0.015027691292;STTW77B-TYPKS-TL5QYI
ETH;2024-01-11T00:39:35+00:00;kraken;0.0000345359;2355.54;0.081350693886;STKI3OY-XEO5A-JY2GCI
ETH;2024-01-14T06:06:14+00:00;kraken;9.8039e-6;2339.74;0.022938576986;ST5IMLM-D6BV2-C7ZGGX
ETH;2024-01-18T00:13:17+00:00;kraken;0.0000348029;2326.2033452;0.08095862240266108;STGZYC3-NIZBR-BZHRBQ
ETH;2024-01-21T21:16:44+00:00;kraken;0.0000194866;2271.92;0.044271996272;STMX6E6-MKNZF-DNR433
ETH;2024-01-24T22:30:47+00:00;kraken;0.0000350772;2051.375;0.07195649115;STST4XU-5XCKJ-7Z2USO
ETH;2024-01-28T04:56:28+00:00;kraken;0.0000103513;2114.455;0.0218873580415;ST2FHNO-WZPLK-XKYI6B
ETH;2024-01-31T23:03:34+00:00;kraken;0.0000354123;2113.265;0.0748355741595;STB22MU-RTRBD-LJUISU
ETH;2024-02-04T04:58:36+00:00;kraken;7.0991e-6;2129.58;0.015118101378;STXM76D-O2ROP-AN247W
ETH;2024-02-07T23:05:13+00:00;kraken;0.0000345564;2254.345;0.077902047558;STFSLCU-5BK4Q-CHCKD6
ETH;2024-02-11T05:05:09+00:00;kraken;8.8946e-6;2320.12;0.020636539352;STICND7-EQBR2-OUMDXT
ETH;2024-02-14T23:13:19+00:00;kraken;0.00003426;2588.035;0.0886660791;STDOD4L-AIVNA-7GUQ5I
ETH;2024-02-18T05:09:43+00:00;kraken;0.0000147169;2600.62;0.038273064478;STMGU4T-AGWLZ-NYZVZS
ETH;2024-02-21T23:15:57+00:00;kraken;0.0000341;2744.43;0.093585063;STPALNO-A4VX4-IGDCAU
ETH;2024-02-25T05:02:40+00:00;kraken;8.862e-6;2797.055;0.02478750141;STLWNF2-BDAWL-LD2652
KSM;2024-02-27T05:00:51+00:00;kraken;4.23e-6;45.85;0.0001939455;STF2ZJE-Q53C6-32PLHR
ETH;2024-02-28T23:18:28+00:00;kraken;0.0000342011;3122.45;0.106791224695;STAURNC-CAFBP-2PQQ7S
KSM;2024-02-29T05:02:57+00:00;kraken;2e-8;47.04;9.408e-7;STKE2K5-DZJY7-PMK646
ETH;2024-03-03T05:08:03+00:00;kraken;0.0000110088;3164.9;0.03484175112;STBMTWY-MLNZ2-QHRE3O
ETH;2024-03-06T23:21:20+00:00;kraken;0.0000336133;3503.53;0.117765204949;STG4UYN-HV4M6-6YJ2AB
ETH;2024-03-10T05:10:35+00:00;kraken;0.0000137816;3606.105;0.049697896668;STUVEUX-HBJSL-LH2SCY
ETH;2024-03-13T23:15:22+00:00;kraken;0.0000336062;3653.7;0.12278697294;STDVMGE-3DTPK-EYXFGS
ETH;2024-03-17T05:06:49+00:00;kraken;0.0000109658;3259.725;0.035745492405;STBLD4I-5Z3N3-DAENUB
ETH;2024-03-20T23:15:03+00:00;kraken;0.000033218;3222.53;0.10704600154;STUQV5L-LC6BV-PVAGHJ
ETH;2024-03-24T05:13:55+00:00;kraken;0.0000102028;3084.24;0.031467883872;STCZVYA-XFYZ3-IQRAUR
ETH;2024-03-27T23:18:00+00:00;kraken;0.0000333825;3244.045;0.1082943322125;STYDHQV-JVJWE-4HAFGL
ETH;2024-03-31T05:12:58+00:00;kraken;8.3397e-6;3319.88;0.027686803236;STXWO3R-FVU34-NNRF7Y
ETH;2024-04-03T23:20:26+00:00;kraken;0.0000324318;3058.11;0.099180011898;ST36QW2-UCSC7-UQ2XGW
ETH;2024-04-07T05:17:20+00:00;kraken;8.3506e-6;3135.04;0.026179465024;STA4XNP-ZD4FH-YANHAP
ETH;2024-04-10T23:20:10+00:00;kraken;0.0000331164;3293.97;0.109084428108;STKR3GI-HPNXM-562NJC
ETH;2024-04-14T13:07:02+00:00;kraken;8.982e-6;2903.025;0.02607497055;STBIYRS-RUFW3-PB3ATQ
ETH;2024-04-17T23:16:07+00:00;kraken;0.00003312;2800.2;0.092742624;STNGBR6-JPW7N-FZCI37
ETH;2024-04-21T05:11:31+00:00;kraken;8.1194e-6;2984.315;0.024230847211;ST5CQDY-L5HBB-AVEDWA
ETH;2024-04-24T23:19:08+00:00;kraken;0.0000331617;2932.085;0.0972329231445;ST3ZHXP-ROVPU-C4LVA3
ETH;2024-04-28T05:15:11+00:00;kraken;7.2196e-6;3099.005;0.022373576498;STFTDBI-Z4HH6-6IUVTK
ETH;2024-05-01T23:21:36+00:00;kraken;0.0000327495;2780.275;0.0910526161125;STVPDJW-PJ2KI-VX54XT
ETH;2024-05-05T05:14:10+00:00;kraken;1.2229e-6;2866.985;0.0035060359565;ST6SM3V-QX4IC-MQQR7D
ETH;2024-05-08T23:13:58+00:00;kraken;7.4333e-6;2765.37;0.020555824821;ST77AVT-JZH63-5PKICO
GNO;2024-01-10T00:05:00+00:00;gnosis;0.03227930984375;171.42096305;5.53335038000497;1000xc9be350827948e36558a04d1f08b061b5e07f2e01576afceba8dd34174bdc3d1
GNO;2024-02-19T09:26:35+00:00;gnosis;0.0293509785625;277.58;8.14724462937875;1000xafce539bd7fb898c5f03fdccf4c34e2c5c9ca321d612142953a7baf2849caafd
GNO;2024-03-08T11:30:20+00:00;gnosis;0.01659108209375;374.945;6.220743275641094;1000x154f37c223b5a579b4171a4ae21d6379383813640750bee957be7febd8a5a5bc
GNO;2024-03-19T07:05:30+00:00;gnosis;0.018857471;282.26;5.32270976446;1000xeab81c24746f5b89f2972fb489f3efc1956f78ee20c24eae4c46229e807fb929
GNO;2024-03-21T13:08:40+00:00;gnosis;0.00534724475;321.885;1.72119787635375;1000xabd745d03fb06b49fc098036196c06510821eef9d4b3081d7160a31787345721
GNO;2024-04-02T20:15:00+00:00;gnosis;0.022654982625;301.425;6.828778137740625;1000x28ffcc4dff817d9ddaedc88f7db3af383073c986c9367113aa69ec0c32575ce2
GNO;2024-04-06T10:09:40+00:00;gnosis;0.00673419553125;320.355;2.157333209413594;1000x375d8c7b3cacf6e06837082b209b6346eb907759626e431671eba53391b9b7a2
GNO;2024-04-12T12:32:15+00:00;gnosis;0.01304948609375;346.005;4.5151874358679684;1000x15cc23e2ae9d54b31422709116aaeb7953f9a413e8c78231d38f54ff8330492c
GNO;2024-04-24T20:39:05+00:00;gnosis;0.02175364690625;315.4;6.86110023423125;1000x538b1d5ba98e0432afa63cbf690d5dad75855d4e3cb307665631fc3c45963491
GNO;2024-05-03T07:00:50+00:00;gnosis;0.01311725775;276.09;3.6215436921975;1000xb1cf43e6883372eac9b829f1c808f158fd887b4b75bf88870948acfaeec7e129
GNO;2024-05-10T19:57:50+00:00;gnosis;0.01406820428125;262.72;3.69599862877;1000x837dcf02c6e2ca3c3306a7b47235964dec1d998affc0429f6406ef713c485dc9
GNO;2024-05-27T09:11:50+00:00;gnosis;0.00691246721875;331.01;2.2880957740784376;1000xd36f4747ad63da90c77fa0657e08ac74293a8a9cc7c24de3bfbb7bb6212db8f2
GNO;2024-06-08T11:00:20+00:00;gnosis;0.0105320823125;301.88;3.1794250084975;1000x0725d3e561f5092338d71f90a890707cb8e8799af6467b4747d02e923a0bf3cb
GNO;2024-06-30T15:26:30+00:00;gnosis;0.03634090975;260.3369899;9.460883054542562;1000xa9f1c16d8d278dd0d2240d29f3a59c4e91a3a956b47ce2b79dcbba30b3723754
GNO;2024-07-04T09:09:30+00:00;gnosis;0.00633394596875;242.6;1.53661529201875;1000x430bc269c6ec885792fc76f425d1d3dc3d0c8a1fe0839ccdac6244ae709c09ac
